{
  "accuracy": 0.9866630375612412,
  "n_test": 3674,
  "matrix": [
    [
      1803,
      34
    ],
    [
      15,
      1822
    ]
  ],
  "per_class": {
    "real": {
      "precision": 0.9917491749174917,
      "recall": 0.9814915623298857,
      "f1": 0.9865937072503419
    },
    "ai": {
      "precision": 0.9816810344827587,
      "recall": 0.9918345127925966,
      "f1": 0.9867316544814515
    }
  }
}