{
  "train_loss": [
    0.1582725958220251,
    0.062603502656818,
    0.045641993042370696,
    0.036453362443018215,
    0.031198949058881327,
    0.025532844965593417,
    0.024036892449244385,
    0.021439950032406837,
    0.021981332125049834,
    0.019296664458556385,
    0.0169751242808289,
    0.017358879027489303,
    0.01630650135740761
  ],
  "train_acc": [
    0.9505776636713735,
    0.9837203874431089,
    0.9882133271093476,
    0.9907807212043412,
    0.9918310187886568,
    0.9936982144941067,
    0.9939316139572879,
    0.9945734624810363,
    0.993581514762516,
    0.9950986112731941,
    0.995857159528533,
    0.9953320107363753,
    0.9952153110047847
  ],
  "val_loss": [
    0.09739692389056054,
    0.07001318099192284,
    0.053356863874820325,
    0.05056739062849992,
    0.04344460948457645,
    0.04835710907050597,
    0.038287592228006956,
    0.042796329085863234,
    0.03754879564679916,
    0.0359980558412462,
    0.039273549252735504,
    0.03995722760131871,
    0.04047848909082853
  ],
  "val_acc": [
    0.9746732026143791,
    0.9806644880174292,
    0.9847494553376906,
    0.9844771241830066,
    0.9863834422657952,
    0.9831154684095861,
    0.9880174291938998,
    0.9861111111111112,
    0.9869281045751634,
    0.9891067538126361,
    0.9874727668845316,
    0.985838779956427,
    0.9842047930283224
  ]
}